[
  {
    "RightTroll": 136,
    "Commercial": 0,
    "LeftTroll": 167,
    "HashtagGamer": 1,
    "Number": 0,
    "NonEnglish": 405,
    "Fearmonger": 0,
    "Unknown": 1,
    "Date": "02-01-2016",
    "NewsFeed": 1482,
    "Total": 2192
  },
  {
    "RightTroll": 2129,
    "Commercial": 1,
    "LeftTroll": 2259,
    "HashtagGamer": 1476,
    "Number": 1,
    "NonEnglish": 1958,
    "Fearmonger": 0,
    "Unknown": 38,
    "Date": "09-01-2016",
    "NewsFeed": 7875,
    "Total": 15736
  },
  {
    "RightTroll": 3043,
    "Commercial": 100,
    "LeftTroll": 1458,
    "HashtagGamer": 518,
    "Number": 2,
    "NonEnglish": 1936,
    "Fearmonger": 1,
    "Unknown": 22,
    "Date": "16-01-2016",
    "NewsFeed": 8201,
    "Total": 15279
  },
  {
    "RightTroll": 1612,
    "Commercial": 0,
    "LeftTroll": 1856,
    "HashtagGamer": 2037,
    "Number": 3,
    "NonEnglish": 2169,
    "Fearmonger": 0,
    "Unknown": 2,
    "Date": "23-01-2016",
    "NewsFeed": 7605,
    "Total": 15281
  },
  {
    "RightTroll": 3361,
    "Commercial": 0,
    "LeftTroll": 1009,
    "HashtagGamer": 1176,
    "Number": 4,
    "NonEnglish": 1941,
    "Fearmonger": 1,
    "Unknown": 68,
    "Date": "30-01-2016",
    "NewsFeed": 8706,
    "Total": 16262
  },
  {
    "RightTroll": 4064,
    "Commercial": 43,
    "LeftTroll": 2125,
    "HashtagGamer": 1357,
    "Number": 5,
    "NonEnglish": 2455,
    "Fearmonger": 0,
    "Unknown": 16,
    "Date": "06-02-2016",
    "NewsFeed": 8761,
    "Total": 18821
  },
  {
    "RightTroll": 3637,
    "Commercial": 189,
    "LeftTroll": 3248,
    "HashtagGamer": 552,
    "Number": 6,
    "NonEnglish": 2835,
    "Fearmonger": 1,
    "Unknown": 19,
    "Date": "13-02-2016",
    "NewsFeed": 9473,
    "Total": 19954
  },
  {
    "RightTroll": 3819,
    "Commercial": 399,
    "LeftTroll": 2522,
    "HashtagGamer": 443,
    "Number": 7,
    "NonEnglish": 3527,
    "Fearmonger": 0,
    "Unknown": 13,
    "Date": "20-02-2016",
    "NewsFeed": 9185,
    "Total": 19908
  },
  {
    "RightTroll": 3668,
    "Commercial": 326,
    "LeftTroll": 3702,
    "HashtagGamer": 901,
    "Number": 8,
    "NonEnglish": 3931,
    "Fearmonger": 0,
    "Unknown": 173,
    "Date": "27-02-2016",
    "NewsFeed": 9166,
    "Total": 21867
  },
  {
    "RightTroll": 2781,
    "Commercial": 147,
    "LeftTroll": 2299,
    "HashtagGamer": 943,
    "Number": 9,
    "NonEnglish": 3939,
    "Fearmonger": 1,
    "Unknown": 256,
    "Date": "05-03-2016",
    "NewsFeed": 8017,
    "Total": 18383
  },
  {
    "RightTroll": 2568,
    "Commercial": 0,
    "LeftTroll": 1556,
    "HashtagGamer": 183,
    "Number": 10,
    "NonEnglish": 4173,
    "Fearmonger": 1,
    "Unknown": 506,
    "Date": "12-03-2016",
    "NewsFeed": 9160,
    "Total": 18147
  },
  {
    "RightTroll": 1842,
    "Commercial": 0,
    "LeftTroll": 3406,
    "HashtagGamer": 673,
    "Number": 11,
    "NonEnglish": 2867,
    "Fearmonger": 9,
    "Unknown": 558,
    "Date": "19-03-2016",
    "NewsFeed": 8364,
    "Total": 17719
  },
  {
    "RightTroll": 5679,
    "Commercial": 0,
    "LeftTroll": 2064,
    "HashtagGamer": 507,
    "Number": 12,
    "NonEnglish": 2729,
    "Fearmonger": 0,
    "Unknown": 555,
    "Date": "26-03-2016",
    "NewsFeed": 7667,
    "Total": 19201
  },
  {
    "RightTroll": 1536,
    "Commercial": 0,
    "LeftTroll": 2567,
    "HashtagGamer": 1020,
    "Number": 13,
    "NonEnglish": 2817,
    "Fearmonger": 0,
    "Unknown": 567,
    "Date": "02-04-2016",
    "NewsFeed": 7543,
    "Total": 16050
  },
  {
    "RightTroll": 934,
    "Commercial": 0,
    "LeftTroll": 2492,
    "HashtagGamer": 1629,
    "Number": 14,
    "NonEnglish": 2632,
    "Fearmonger": 2,
    "Unknown": 521,
    "Date": "09-04-2016",
    "NewsFeed": 7170,
    "Total": 15380
  },
  {
    "RightTroll": 885,
    "Commercial": 0,
    "LeftTroll": 736,
    "HashtagGamer": 1726,
    "Number": 15,
    "NonEnglish": 3207,
    "Fearmonger": 0,
    "Unknown": 769,
    "Date": "16-04-2016",
    "NewsFeed": 6989,
    "Total": 14312
  },
  {
    "RightTroll": 748,
    "Commercial": 0,
    "LeftTroll": 2329,
    "HashtagGamer": 2981,
    "Number": 16,
    "NonEnglish": 2852,
    "Fearmonger": 0,
    "Unknown": 623,
    "Date": "23-04-2016",
    "NewsFeed": 6559,
    "Total": 16092
  },
  {
    "RightTroll": 935,
    "Commercial": 0,
    "LeftTroll": 2020,
    "HashtagGamer": 1703,
    "Number": 17,
    "NonEnglish": 3236,
    "Fearmonger": 0,
    "Unknown": 871,
    "Date": "30-04-2016",
    "NewsFeed": 7360,
    "Total": 16125
  },
  {
    "RightTroll": 1306,
    "Commercial": 0,
    "LeftTroll": 2604,
    "HashtagGamer": 2525,
    "Number": 18,
    "NonEnglish": 3196,
    "Fearmonger": 0,
    "Unknown": 787,
    "Date": "07-05-2016",
    "NewsFeed": 6989,
    "Total": 17407
  },
  {
    "RightTroll": 2244,
    "Commercial": 0,
    "LeftTroll": 3537,
    "HashtagGamer": 2732,
    "Number": 19,
    "NonEnglish": 2558,
    "Fearmonger": 0,
    "Unknown": 733,
    "Date": "14-05-2016",
    "NewsFeed": 6410,
    "Total": 18214
  },
  {
    "RightTroll": 1167,
    "Commercial": 0,
    "LeftTroll": 5217,
    "HashtagGamer": 1897,
    "Number": 20,
    "NonEnglish": 2985,
    "Fearmonger": 0,
    "Unknown": 69,
    "Date": "21-05-2016",
    "NewsFeed": 6714,
    "Total": 18049
  },
  {
    "RightTroll": 1522,
    "Commercial": 0,
    "LeftTroll": 4100,
    "HashtagGamer": 2030,
    "Number": 21,
    "NonEnglish": 2674,
    "Fearmonger": 0,
    "Unknown": 133,
    "Date": "28-05-2016",
    "NewsFeed": 6807,
    "Total": 17266
  },
  {
    "RightTroll": 1498,
    "Commercial": 0,
    "LeftTroll": 2706,
    "HashtagGamer": 4788,
    "Number": 22,
    "NonEnglish": 2775,
    "Fearmonger": 1,
    "Unknown": 109,
    "Date": "04-06-2016",
    "NewsFeed": 5143,
    "Total": 17020
  },
  {
    "RightTroll": 953,
    "Commercial": 0,
    "LeftTroll": 3775,
    "HashtagGamer": 1677,
    "Number": 23,
    "NonEnglish": 4300,
    "Fearmonger": 0,
    "Unknown": 82,
    "Date": "11-06-2016",
    "NewsFeed": 6009,
    "Total": 16796
  },
  {
    "RightTroll": 1036,
    "Commercial": 0,
    "LeftTroll": 4271,
    "HashtagGamer": 4075,
    "Number": 24,
    "NonEnglish": 3929,
    "Fearmonger": 0,
    "Unknown": 36,
    "Date": "18-06-2016",
    "NewsFeed": 5372,
    "Total": 18719
  },
  {
    "RightTroll": 1456,
    "Commercial": 0,
    "LeftTroll": 3903,
    "HashtagGamer": 6342,
    "Number": 25,
    "NonEnglish": 4615,
    "Fearmonger": 0,
    "Unknown": 50,
    "Date": "25-06-2016",
    "NewsFeed": 4858,
    "Total": 21224
  },
  {
    "RightTroll": 916,
    "Commercial": 0,
    "LeftTroll": 2419,
    "HashtagGamer": 4081,
    "Number": 26,
    "NonEnglish": 3264,
    "Fearmonger": 0,
    "Unknown": 0,
    "Date": "02-07-2016",
    "NewsFeed": 5074,
    "Total": 15754
  },
  {
    "RightTroll": 1235,
    "Commercial": 0,
    "LeftTroll": 2825,
    "HashtagGamer": 1175,
    "Number": 27,
    "NonEnglish": 3060,
    "Fearmonger": 5,
    "Unknown": 5,
    "Date": "09-07-2016",
    "NewsFeed": 4432,
    "Total": 12737
  },
  {
    "RightTroll": 1100,
    "Commercial": 0,
    "LeftTroll": 1080,
    "HashtagGamer": 24,
    "Number": 28,
    "NonEnglish": 3348,
    "Fearmonger": 4,
    "Unknown": 7,
    "Date": "16-07-2016",
    "NewsFeed": 4084,
    "Total": 9647
  },
  {
    "RightTroll": 935,
    "Commercial": 0,
    "LeftTroll": 3149,
    "HashtagGamer": 2567,
    "Number": 29,
    "NonEnglish": 9025,
    "Fearmonger": 0,
    "Unknown": 11,
    "Date": "23-07-2016",
    "NewsFeed": 4172,
    "Total": 19859
  },
  {
    "RightTroll": 2272,
    "Commercial": 0,
    "LeftTroll": 835,
    "HashtagGamer": 5879,
    "Number": 30,
    "NonEnglish": 3144,
    "Fearmonger": 0,
    "Unknown": 10,
    "Date": "30-07-2016",
    "NewsFeed": 4285,
    "Total": 16425
  },
  {
    "RightTroll": 1571,
    "Commercial": 0,
    "LeftTroll": 2597,
    "HashtagGamer": 5885,
    "Number": 31,
    "NonEnglish": 3260,
    "Fearmonger": 0,
    "Unknown": 6,
    "Date": "06-08-2016",
    "NewsFeed": 3249,
    "Total": 16568
  },
  {
    "RightTroll": 1344,
    "Commercial": 0,
    "LeftTroll": 2153,
    "HashtagGamer": 7230,
    "Number": 32,
    "NonEnglish": 5545,
    "Fearmonger": 0,
    "Unknown": 0,
    "Date": "13-08-2016",
    "NewsFeed": 3305,
    "Total": 19577
  },
  {
    "RightTroll": 1337,
    "Commercial": 0,
    "LeftTroll": 2575,
    "HashtagGamer": 5863,
    "Number": 33,
    "NonEnglish": 3648,
    "Fearmonger": 0,
    "Unknown": 4,
    "Date": "20-08-2016",
    "NewsFeed": 3960,
    "Total": 17387
  },
  {
    "RightTroll": 1337,
    "Commercial": 0,
    "LeftTroll": 2828,
    "HashtagGamer": 5964,
    "Number": 34,
    "NonEnglish": 3599,
    "Fearmonger": 0,
    "Unknown": 1,
    "Date": "27-08-2016",
    "NewsFeed": 4042,
    "Total": 17771
  },
  {
    "RightTroll": 1241,
    "Commercial": 0,
    "LeftTroll": 2995,
    "HashtagGamer": 5041,
    "Number": 35,
    "NonEnglish": 3583,
    "Fearmonger": 0,
    "Unknown": 0,
    "Date": "03-09-2016",
    "NewsFeed": 5004,
    "Total": 17864
  },
  {
    "RightTroll": 2460,
    "Commercial": 0,
    "LeftTroll": 3250,
    "HashtagGamer": 6209,
    "Number": 36,
    "NonEnglish": 3120,
    "Fearmonger": 2,
    "Unknown": 0,
    "Date": "10-09-2016",
    "NewsFeed": 4806,
    "Total": 19847
  },
  {
    "RightTroll": 16517,
    "Commercial": 0,
    "LeftTroll": 1580,
    "HashtagGamer": 3881,
    "Number": 37,
    "NonEnglish": 3179,
    "Fearmonger": 0,
    "Unknown": 0,
    "Date": "17-09-2016",
    "NewsFeed": 5501,
    "Total": 30658
  },
  {
    "RightTroll": 14656,
    "Commercial": 0,
    "Unknown": 2,
    "HashtagGamer": 4465,
    "Number": 38,
    "NonEnglish": 3488,
    "Fearmonger": 11,
    "LeftTroll": 518,
    "Date": "24-09-2016",
    "NewsFeed": 6561,
    "Total": 29701
  },
  {
    "RightTroll": 5095,
    "Commercial": 0,
    "LeftTroll": 651,
    "HashtagGamer": 5204,
    "Number": 39,
    "NonEnglish": 2663,
    "Fearmonger": 6,
    "Unknown": 0,
    "Date": "01-10-2016",
    "NewsFeed": 7076,
    "Total": 20695
  },
  {
    "RightTroll": 8460,
    "Commercial": 0,
    "LeftTroll": 21298,
    "HashtagGamer": 2539,
    "Number": 40,
    "NonEnglish": 2994,
    "Fearmonger": 1,
    "Unknown": 0,
    "Date": "08-10-2016",
    "NewsFeed": 5832,
    "Total": 41124
  },
  {
    "RightTroll": 4109,
    "Commercial": 0,
    "LeftTroll": 8614,
    "HashtagGamer": 3960,
    "Number": 41,
    "NonEnglish": 10310,
    "Fearmonger": 0,
    "Unknown": 0,
    "Date": "15-10-2016",
    "NewsFeed": 4944,
    "Total": 31937
  },
  {
    "RightTroll": 3960,
    "Commercial": 0,
    "Unknown": 2,
    "HashtagGamer": 5646,
    "Number": 42,
    "NonEnglish": 9918,
    "Fearmonger": 0,
    "LeftTroll": 8046,
    "Date": "22-10-2016",
    "NewsFeed": 4586,
    "Total": 32158
  },
  {
    "RightTroll": 3894,
    "Commercial": 0,
    "LeftTroll": 7636,
    "HashtagGamer": 1302,
    "Number": 43,
    "NonEnglish": 9027,
    "Fearmonger": 0,
    "Unknown": 0,
    "Date": "29-10-2016",
    "NewsFeed": 4580,
    "Total": 26439
  },
  {
    "RightTroll": 4054,
    "Commercial": 0,
    "LeftTroll": 7675,
    "HashtagGamer": 1589,
    "Number": 44,
    "NonEnglish": 8867,
    "Fearmonger": 0,
    "Unknown": 0,
    "Date": "05-11-2016",
    "NewsFeed": 2211,
    "Total": 24396
  },
  {
    "RightTroll": 7833,
    "Commercial": 0,
    "Unknown": 1,
    "HashtagGamer": 3744,
    "Number": 45,
    "NonEnglish": 8557,
    "Fearmonger": 0,
    "LeftTroll": 7930,
    "Date": "12-11-2016",
    "NewsFeed": 1367,
    "Total": 29432
  },
  {
    "RightTroll": 5285,
    "Commercial": 0,
    "LeftTroll": 8070,
    "HashtagGamer": 3100,
    "Number": 46,
    "NonEnglish": 8274,
    "Fearmonger": 0,
    "Unknown": 0,
    "Date": "19-11-2016",
    "NewsFeed": 2571,
    "Total": 27300
  },
  {
    "RightTroll": 3815,
    "Commercial": 0,
    "LeftTroll": 5635,
    "HashtagGamer": 6344,
    "Number": 47,
    "NonEnglish": 8028,
    "Fearmonger": 0,
    "Unknown": 0,
    "Date": "26-11-2016",
    "NewsFeed": 2696,
    "Total": 26518
  },
  {
    "RightTroll": 5117,
    "Commercial": 0,
    "LeftTroll": 8069,
    "HashtagGamer": 7002,
    "Number": 48,
    "NonEnglish": 9567,
    "Fearmonger": 0,
    "Unknown": 0,
    "Date": "03-12-2016",
    "NewsFeed": 4742,
    "Total": 34497
  },
  {
    "RightTroll": 6498,
    "Commercial": 0,
    "LeftTroll": 10287,
    "HashtagGamer": 6450,
    "Number": 49,
    "NonEnglish": 8004,
    "Fearmonger": 0,
    "Unknown": 1,
    "Date": "10-12-2016",
    "NewsFeed": 5442,
    "Total": 36682
  },
  {
    "RightTroll": 6213,
    "Commercial": 0,
    "LeftTroll": 9296,
    "HashtagGamer": 3776,
    "Number": 50,
    "NonEnglish": 9309,
    "Fearmonger": 0,
    "Unknown": 2,
    "Date": "17-12-2016",
    "NewsFeed": 5258,
    "Total": 33854
  },
  {
    "RightTroll": 6366,
    "Commercial": 0,
    "Unknown": 3,
    "HashtagGamer": 9745,
    "Number": 51,
    "NonEnglish": 8818,
    "Fearmonger": 0,
    "LeftTroll": 8770,
    "Date": "24-12-2016",
    "NewsFeed": 4995,
    "Total": 38697
  },
  {
    "RightTroll": 6178,
    "Commercial": 35,
    "LeftTroll": 8881,
    "HashtagGamer": 5822,
    "Number": 52,
    "NonEnglish": 8774,
    "Fearmonger": 0,
    "Unknown": 0,
    "Date": "31-12-2016",
    "NewsFeed": 4317,
    "Total": 34007
  },
  {
    "RightTroll": 6159,
    "Commercial": 75,
    "Unknown": 1,
    "HashtagGamer": 1638,
    "Number": 53,
    "NonEnglish": 8073,
    "Fearmonger": 0,
    "LeftTroll": 8929,
    "Date": "07-01-2017",
    "NewsFeed": 5144,
    "Total": 30019
  },
  {
    "RightTroll": 6394,
    "Commercial": 61,
    "LeftTroll": 8575,
    "HashtagGamer": 2883,
    "Number": 54,
    "NonEnglish": 8599,
    "Fearmonger": 0,
    "Unknown": 4,
    "Date": "14-01-2017",
    "NewsFeed": 5752,
    "Total": 32268
  },
  {
    "RightTroll": 7522,
    "Commercial": 48,
    "LeftTroll": 7424,
    "HashtagGamer": 3824,
    "Number": 55,
    "NonEnglish": 6773,
    "Fearmonger": 0,
    "Unknown": 1,
    "Date": "21-01-2017",
    "NewsFeed": 5625,
    "Total": 31217
  },
  {
    "RightTroll": 7056,
    "Commercial": 67,
    "LeftTroll": 6949,
    "HashtagGamer": 5094,
    "Number": 56,
    "NonEnglish": 4551,
    "Fearmonger": 0,
    "Unknown": 0,
    "Date": "28-01-2017",
    "NewsFeed": 5512,
    "Total": 29229
  },
  {
    "RightTroll": 7240,
    "Commercial": 46,
    "LeftTroll": 7065,
    "HashtagGamer": 2470,
    "Number": 57,
    "NonEnglish": 4336,
    "Fearmonger": 0,
    "Unknown": 0,
    "Date": "04-02-2017",
    "NewsFeed": 5343,
    "Total": 26500
  },
  {
    "RightTroll": 6980,
    "Commercial": 7,
    "LeftTroll": 7068,
    "HashtagGamer": 3077,
    "Number": 58,
    "NonEnglish": 4177,
    "Fearmonger": 0,
    "Unknown": 0,
    "Date": "11-02-2017",
    "NewsFeed": 5461,
    "Total": 26770
  },
  {
    "RightTroll": 6353,
    "Commercial": 0,
    "LeftTroll": 6928,
    "HashtagGamer": 2731,
    "Number": 59,
    "NonEnglish": 4112,
    "Fearmonger": 4,
    "Unknown": 0,
    "Date": "18-02-2017",
    "NewsFeed": 5273,
    "Total": 25401
  },
  {
    "RightTroll": 6743,
    "Commercial": 0,
    "LeftTroll": 7360,
    "HashtagGamer": 752,
    "Number": 60,
    "NonEnglish": 3847,
    "Fearmonger": 0,
    "Unknown": 0,
    "Date": "25-02-2017",
    "NewsFeed": 5225,
    "Total": 23927
  },
  {
    "RightTroll": 7028,
    "Commercial": 0,
    "LeftTroll": 7296,
    "HashtagGamer": 2351,
    "Number": 61,
    "NonEnglish": 4734,
    "Fearmonger": 0,
    "Unknown": 1,
    "Date": "04-03-2017",
    "NewsFeed": 4037,
    "Total": 25447
  },
  {
    "RightTroll": 6332,
    "Commercial": 0,
    "LeftTroll": 7345,
    "HashtagGamer": 722,
    "Number": 62,
    "NonEnglish": 7065,
    "Fearmonger": 0,
    "Unknown": 3,
    "Date": "11-03-2017",
    "NewsFeed": 5402,
    "Total": 26869
  },
  {
    "RightTroll": 5059,
    "Commercial": 0,
    "LeftTroll": 7464,
    "HashtagGamer": 523,
    "Number": 63,
    "NonEnglish": 12502,
    "Fearmonger": 0,
    "Unknown": 1,
    "Date": "18-03-2017",
    "NewsFeed": 5178,
    "Total": 30727
  },
  {
    "RightTroll": 5120,
    "Commercial": 0,
    "LeftTroll": 7269,
    "HashtagGamer": 655,
    "Number": 64,
    "NonEnglish": 11217,
    "Fearmonger": 0,
    "Unknown": 1,
    "Date": "25-03-2017",
    "NewsFeed": 5121,
    "Total": 29383
  },
  {
    "RightTroll": 6505,
    "Commercial": 0,
    "LeftTroll": 7524,
    "HashtagGamer": 731,
    "Number": 65,
    "NonEnglish": 10445,
    "Fearmonger": 0,
    "Unknown": 48,
    "Date": "01-04-2017",
    "NewsFeed": 5204,
    "Total": 30457
  },
  {
    "RightTroll": 6755,
    "Commercial": 0,
    "LeftTroll": 7916,
    "HashtagGamer": 341,
    "Number": 66,
    "NonEnglish": 10281,
    "Fearmonger": 0,
    "Unknown": 2,
    "Date": "08-04-2017",
    "NewsFeed": 5215,
    "Total": 30510
  },
  {
    "RightTroll": 6890,
    "Commercial": 0,
    "LeftTroll": 7727,
    "HashtagGamer": 365,
    "Number": 67,
    "NonEnglish": 9652,
    "Fearmonger": 0,
    "Unknown": 17,
    "Date": "15-04-2017",
    "NewsFeed": 5112,
    "Total": 29763
  },
  {
    "RightTroll": 6908,
    "Commercial": 0,
    "LeftTroll": 8067,
    "HashtagGamer": 1777,
    "Number": 68,
    "NonEnglish": 10175,
    "Fearmonger": 0,
    "Unknown": 4,
    "Date": "22-04-2017",
    "NewsFeed": 5272,
    "Total": 32203
  },
  {
    "RightTroll": 7106,
    "Commercial": 0,
    "LeftTroll": 8006,
    "HashtagGamer": 731,
    "Number": 69,
    "NonEnglish": 9299,
    "Fearmonger": 0,
    "Unknown": 3,
    "Date": "29-04-2017",
    "NewsFeed": 5363,
    "Total": 30508
  },
  {
    "RightTroll": 5806,
    "Commercial": 0,
    "LeftTroll": 6308,
    "HashtagGamer": 16,
    "Number": 70,
    "NonEnglish": 7527,
    "Fearmonger": 0,
    "Unknown": 4,
    "Date": "06-05-2017",
    "NewsFeed": 5070,
    "Total": 24731
  },
  {
    "RightTroll": 1956,
    "Commercial": 0,
    "Unknown": 1,
    "HashtagGamer": 131,
    "Number": 71,
    "NonEnglish": 3632,
    "Fearmonger": 0,
    "LeftTroll": 489,
    "Date": "13-05-2017",
    "NewsFeed": 5045,
    "Total": 11254
  },
  {
    "RightTroll": 1961,
    "Commercial": 0,
    "LeftTroll": 363,
    "HashtagGamer": 140,
    "Number": 72,
    "NonEnglish": 3943,
    "Fearmonger": 0,
    "Unknown": 19,
    "Date": "20-05-2017",
    "NewsFeed": 4864,
    "Total": 11290
  },
  {
    "RightTroll": 2038,
    "Commercial": 0,
    "Unknown": 237,
    "HashtagGamer": 33,
    "Number": 73,
    "NonEnglish": 3875,
    "Fearmonger": 0,
    "LeftTroll": 419,
    "Date": "27-05-2017",
    "NewsFeed": 5029,
    "Total": 11631
  },
  {
    "RightTroll": 1672,
    "Commercial": 0,
    "Unknown": 59,
    "HashtagGamer": 22,
    "Number": 74,
    "NonEnglish": 3844,
    "Fearmonger": 0,
    "LeftTroll": 394,
    "Date": "03-06-2017",
    "NewsFeed": 4820,
    "Total": 10811
  },
  {
    "RightTroll": 3699,
    "Commercial": 0,
    "Unknown": 39,
    "HashtagGamer": 33,
    "Number": 75,
    "NonEnglish": 3466,
    "Fearmonger": 0,
    "LeftTroll": 346,
    "Date": "10-06-2017",
    "NewsFeed": 4857,
    "Total": 12440
  },
  {
    "RightTroll": 6782,
    "Commercial": 0,
    "Unknown": 33,
    "HashtagGamer": 30,
    "Number": 76,
    "NonEnglish": 3808,
    "Fearmonger": 0,
    "LeftTroll": 454,
    "Date": "17-06-2017",
    "NewsFeed": 4282,
    "Total": 15389
  },
  {
    "RightTroll": 1008,
    "Commercial": 0,
    "Unknown": 41,
    "HashtagGamer": 353,
    "Number": 77,
    "NonEnglish": 3705,
    "Fearmonger": 0,
    "LeftTroll": 408,
    "Date": "24-06-2017",
    "NewsFeed": 4295,
    "Total": 9810
  },
  {
    "RightTroll": 1349,
    "Commercial": 0,
    "LeftTroll": 446,
    "HashtagGamer": 21,
    "Number": 78,
    "NonEnglish": 3860,
    "Fearmonger": 0,
    "Unknown": 47,
    "Date": "01-07-2017",
    "NewsFeed": 4882,
    "Total": 10605
  },
  {
    "RightTroll": 1840,
    "Commercial": 0,
    "LeftTroll": 3214,
    "HashtagGamer": 21,
    "Number": 79,
    "NonEnglish": 4828,
    "Fearmonger": 0,
    "Unknown": 8,
    "Date": "08-07-2017",
    "NewsFeed": 4634,
    "Total": 14545
  },
  {
    "RightTroll": 1010,
    "Commercial": 0,
    "LeftTroll": 5433,
    "HashtagGamer": 417,
    "Number": 80,
    "NonEnglish": 6522,
    "Fearmonger": 0,
    "Unknown": 14,
    "Date": "15-07-2017",
    "NewsFeed": 4708,
    "Total": 18104
  },
  {
    "RightTroll": 1549,
    "Commercial": 0,
    "Unknown": 30,
    "HashtagGamer": 83,
    "Number": 81,
    "NonEnglish": 4695,
    "Fearmonger": 0,
    "LeftTroll": 6135,
    "Date": "22-07-2017",
    "NewsFeed": 5216,
    "Total": 17708
  },
  {
    "RightTroll": 6446,
    "Commercial": 0,
    "Unknown": 26,
    "HashtagGamer": 171,
    "Number": 82,
    "NonEnglish": 4241,
    "Fearmonger": 0,
    "LeftTroll": 4946,
    "Date": "29-07-2017",
    "NewsFeed": 5212,
    "Total": 21042
  },
  {
    "RightTroll": 34584,
    "Commercial": 0,
    "Unknown": 18,
    "HashtagGamer": 494,
    "Number": 83,
    "NonEnglish": 3912,
    "Fearmonger": 0,
    "LeftTroll": 4702,
    "Date": "05-08-2017",
    "NewsFeed": 4958,
    "Total": 48668
  },
  {
    "RightTroll": 52213,
    "Commercial": 0,
    "LeftTroll": 3074,
    "HashtagGamer": 1,
    "Number": 84,
    "NonEnglish": 3536,
    "Fearmonger": 0,
    "Unknown": 7,
    "Date": "12-08-2017",
    "NewsFeed": 1866,
    "Total": 60697
  },
  {
    "RightTroll": 68630,
    "LeftTroll": 1413,
    "HashtagGamer": 0,
    "Commercial": 0,
    "Number": 85,
    "NonEnglish": 3558,
    "Fearmonger": 0,
    "Unknown": 6,
    "Date": "19-08-2017",
    "NewsFeed": 163,
    "Total": 73770
  },
  {
    "RightTroll": 2623,
    "LeftTroll": 584,
    "HashtagGamer": 0,
    "Commercial": 0,
    "Number": 86,
    "NonEnglish": 3511,
    "Fearmonger": 0,
    "Unknown": 0,
    "Date": "26-08-2017",
    "NewsFeed": 208,
    "Total": 6926
  },
  {
    "RightTroll": 7792,
    "LeftTroll": 194,
    "HashtagGamer": 0,
    "Commercial": 0,
    "Number": 87,
    "NonEnglish": 4044,
    "Fearmonger": 0,
    "Unknown": 0,
    "Date": "02-09-2017",
    "NewsFeed": 197,
    "Total": 12227
  },
  {
    "RightTroll": 6796,
    "LeftTroll": 82,
    "HashtagGamer": 0,
    "Commercial": 0,
    "Number": 88,
    "NonEnglish": 4353,
    "Fearmonger": 0,
    "Unknown": 24,
    "Date": "09-09-2017",
    "NewsFeed": 126,
    "Total": 11381
  },
  {
    "RightTroll": 8439,
    "LeftTroll": 110,
    "HashtagGamer": 0,
    "Commercial": 0,
    "Number": 89,
    "NonEnglish": 4251,
    "Fearmonger": 0,
    "Unknown": 3,
    "Date": "16-09-2017",
    "NewsFeed": 166,
    "Total": 12969
  },
  {
    "RightTroll": 6869,
    "LeftTroll": 58,
    "HashtagGamer": 0,
    "Commercial": 0,
    "Number": 90,
    "NonEnglish": 3899,
    "Fearmonger": 0,
    "Unknown": 4,
    "Date": "23-09-2017",
    "NewsFeed": 206,
    "Total": 11036
  },
  {
    "RightTroll": 7559,
    "LeftTroll": 32,
    "HashtagGamer": 0,
    "Commercial": 0,
    "Number": 91,
    "NonEnglish": 3479,
    "Fearmonger": 0,
    "Unknown": 6,
    "Date": "30-09-2017",
    "NewsFeed": 173,
    "Total": 11249
  },
  {
    "RightTroll": 8792,
    "LeftTroll": 28,
    "HashtagGamer": 0,
    "Commercial": 0,
    "Number": 92,
    "NonEnglish": 1930,
    "Fearmonger": 0,
    "Unknown": 6,
    "Date": "07-10-2017",
    "NewsFeed": 131,
    "Total": 10887
  },
  {
    "RightTroll": 7454,
    "LeftTroll": 39,
    "HashtagGamer": 0,
    "Commercial": 0,
    "Number": 93,
    "NonEnglish": 776,
    "Fearmonger": 0,
    "Unknown": 0,
    "Date": "14-10-2017",
    "NewsFeed": 52,
    "Total": 8321
  },
  {
    "RightTroll": 7807,
    "LeftTroll": 83,
    "HashtagGamer": 0,
    "Commercial": 0,
    "Number": 94,
    "NonEnglish": 775,
    "Fearmonger": 0,
    "Unknown": 0,
    "Date": "21-10-2017",
    "NewsFeed": 25,
    "Total": 8690
  },
  {
    "RightTroll": 706,
    "LeftTroll": 38,
    "HashtagGamer": 0,
    "Commercial": 0,
    "Number": 95,
    "NonEnglish": 34,
    "Fearmonger": 0,
    "Unknown": 0,
    "Date": "28-10-2017",
    "NewsFeed": 0,
    "Total": 778
  },
  {
    "RightTroll": 111,
    "LeftTroll": 86,
    "HashtagGamer": 0,
    "Commercial": 0,
    "Number": 96,
    "NonEnglish": 17,
    "Fearmonger": 0,
    "Unknown": 5,
    "Date": "04-11-2017",
    "NewsFeed": 0,
    "Total": 219
  },
  {
    "RightTroll": 2903,
    "LeftTroll": 61,
    "HashtagGamer": 0,
    "Commercial": 0,
    "Number": 97,
    "NonEnglish": 5,
    "Fearmonger": 0,
    "Unknown": 19,
    "Date": "11-11-2017",
    "NewsFeed": 0,
    "Total": 2988
  },
  {
    "RightTroll": 5499,
    "LeftTroll": 114,
    "HashtagGamer": 0,
    "Commercial": 0,
    "Number": 98,
    "NonEnglish": 11,
    "Fearmonger": 0,
    "Unknown": 8,
    "Date": "18-11-2017",
    "NewsFeed": 0,
    "Total": 5632
  },
  {
    "RightTroll": 4305,
    "LeftTroll": 178,
    "HashtagGamer": 0,
    "Commercial": 0,
    "Number": 99,
    "NonEnglish": 29,
    "Fearmonger": 0,
    "Unknown": 0,
    "Date": "25-11-2017",
    "NewsFeed": 0,
    "Total": 4512
  },
  {
    "RightTroll": 5317,
    "LeftTroll": 217,
    "HashtagGamer": 0,
    "Commercial": 0,
    "Number": 100,
    "NonEnglish": 25,
    "Fearmonger": 0,
    "Unknown": 0,
    "Date": "02-12-2017",
    "NewsFeed": 0,
    "Total": 5559
  },
  {
    "RightTroll": 5950,
    "LeftTroll": 297,
    "HashtagGamer": 0,
    "Commercial": 0,
    "Number": 101,
    "NonEnglish": 16,
    "Fearmonger": 0,
    "Unknown": 24,
    "Date": "09-12-2017",
    "NewsFeed": 0,
    "Total": 6287
  },
  {
    "RightTroll": 226,
    "LeftTroll": 436,
    "HashtagGamer": 0,
    "Commercial": 0,
    "Number": 102,
    "NonEnglish": 28,
    "Fearmonger": 0,
    "Unknown": 0,
    "Date": "16-12-2017",
    "NewsFeed": 0,
    "Total": 690
  },
  {
    "RightTroll": 0,
    "LeftTroll": 0,
    "HashtagGamer": 0,
    "Commercial": 0,
    "Number": 0,
    "NonEnglish": 0,
    "Fearmonger": 0,
    "Unknown": 0,
    "Date": "23-12-2017",
    "NewsFeed": 0,
    "Total": 0
  }
]
